<?xml version="1.0" encoding="UTF-8"?>
<!DOCTYPE suite SYSTEM "http://testng.org/testng-1.0.dtd">
<suite name="MarketSmith Regression- Alert Notes And blogs">
<!-- 	<listeners>
		<listener class-name="org.uncommons.reportng.HTMLReporter" />
		<listener class-name="org.uncommons.reportng.JUnitXMLReporter" />
	</listeners> -->
	 <test name="MarketSmith Regression- Alert Notes And blogs">
        <parameter name="config" value="SingleRun.json"/>
        <parameter name="environment" value="chrome"/>
	 <classes>
		     <class name="genericLib.BaseClass"/>
		     <class name="alertsNotesAndBlogs.AlertsNotesAndBlogsTest"/>
	 </classes>
	</test> 
</suite>
