<?xml version="1.0" encoding="UTF-8"?>
<!DOCTYPE suite SYSTEM "http://testng.org/testng-1.0.dtd">
<suite name="MarketSmith Regression - AlertsNotesAndBlogsTest">
	<test name="MarketSmith Regression - AlertsNotesAndBlogsTest">
<!-- 		<parameter name="config" value="SingleRun.json" />
		<parameter name="environment" value="chrome" /> -->
		<classes>
			<!-- <class name="genericLib.BaseClassBrowserStack" /> -->
			<class name="genericLib.BaseClassServer" />
			<class name="site.LaunchChartTest" />
			<class name="alertsNotesAndBlogs.AlertsNotesAndBlogsTest" />
		</classes>
	</test>
</suite>
