<?xml version="1.0" encoding="UTF-8"?>
<!DOCTYPE suite SYSTEM "http://testng.org/testng-1.0.dtd">
<suite name="MarketSmith Regression - Site">
	<test name="MarketSmith Regression - Site">
		<parameter name="config" value="SingleRun.json" />
		<parameter name="environment" value="chrome" />
		<!-- <groups> <run> <include name="Regression"/> </run> </groups> -->
		<classes>
			<!-- <class name="genericLib.BaseClassBrowserStack" /> -->
			<class name="genericLib.BaseClassServer" />
			<class name="site.HomePageLoggedInUserTest" />
		</classes>
	</test>
</suite>
