<?xml version="1.0" encoding="UTF-8"?>
<!DOCTYPE suite SYSTEM "http://testng.org/testng-1.0.dtd">
<suite name="MarketSmith Regression">
	<test name="MarketSmith Regression">
		<parameter name="config" value="SingleRun.json" />
		<parameter name="environment" value="chrome" />
		<!-- <groups> <run> <include name="Regression"/> </run> </groups> -->
		<classes>
			<class name="genericLib.BaseClass" />
			<!-- <class name="site.HomePageLoggedInUserTest"/> -->
			<!-- <class name="global.MarketsmithHomeTest"/> -->
			<class name="charts.TopButtons2Test" />
			<class name="charts.ChartPageTest" />
			<class name="charts.ChartButtons2Test" />
			<class name="alertsNotesAndBlogs.AlertsNotesAndBlogsTest" />
			<class name="listManager.ListManagerNavigationTest" />
			<class name="listManager.ListPanelTest" />
			<class name="listManager.ListManagerToolsTest" />
			<class name="relatedInformation.RelatedInfoIndustryGroupsTest" />
			<class name="relatedInformation.RelatedInfoMutualFundAndIndiceTest" />
			<class name="relatedInformation.RelatedInfoStockTest" />
			<class name="screener.ScreenerTest" />
			<class name="charts.TopButtons1Test" />
		</classes>
	</test>
</suite>
